Position,Venue Space,Map Key,Position Index,Device ID,Technology,Model,Orientation,Driven By,Content Class,DMP Present,Countable Ad Position,Winter Status,Confidence,Source,Status,Defect Flag,Notes
Lawn 785 1,Lawn,785,1,001,Legacy,PHIL 48,Landscape,Unknown,Unknown,Not checked,Unknown,Unknown,🟡 Paper only,"Total TV List,Location map",📄 Paper only,785 zone conflict,"Lawn crosswalk places 785 here. The map cluster list places 785 on the Walt / east plaza. The legacy allocation only balances if 785 is Lawn, so the crosswalk wins. Verify."
Lawn 785 2,Lawn,785,2,002,Legacy,PHIL 48,Landscape,Unknown,Unknown,Not checked,Unknown,Unknown,🟡 Paper only,"Total TV List,Location map",📄 Paper only,785 zone conflict,"Lawn crosswalk places 785 here. The map cluster list places 785 on the Walt / east plaza. The legacy allocation only balances if 785 is Lawn, so the crosswalk wins. Verify."
Lawn TC2 1,Lawn,TC2,1,003,Videri Spark,Spark 5,Landscape,Videri cloud,Menu board,Not checked,Unknown,Unknown,🟡 Paper only,"Videri sheet,Total TV List",📄 Paper only,,Indoor-rated hardware in an outdoor position. 0 C to +50 C. Part of the annual 22-unit winterization pull. Observe before Oct 15.
Lawn TC2 2,Lawn,TC2,2,004,Videri Spark,Spark 5,Landscape,Videri cloud,Menu board,Not checked,Unknown,Unknown,🟡 Paper only,"Videri sheet,Total TV List",📄 Paper only,,Indoor-rated hardware in an outdoor position. 0 C to +50 C. Part of the annual 22-unit winterization pull. Observe before Oct 15.
Lawn TC3 1,Lawn,TC3,1,005,Videri Spark,Spark 5,Landscape,Videri cloud,Menu board,Not checked,Unknown,Unknown,🟡 Paper only,"Videri sheet,Total TV List",📄 Paper only,,Indoor-rated hardware in an outdoor position. 0 C to +50 C. Part of the annual 22-unit winterization pull. Observe before Oct 15.
Lawn TC3 2,Lawn,TC3,2,006,Videri Spark,Spark 5,Landscape,Videri cloud,Menu board,Not checked,Unknown,Unknown,🟡 Paper only,"Videri sheet,Total TV List",📄 Paper only,,Indoor-rated hardware in an outdoor position. 0 C to +50 C. Part of the annual 22-unit winterization pull. Observe before Oct 15.
Lawn TC5 1,Lawn,TC5,1,010,Videri Spark,Spark 5,Landscape,Videri cloud,Menu board,Not checked,Unknown,Unknown,🟡 Paper only,"Videri sheet,Total TV List",📄 Paper only,,Indoor-rated hardware in an outdoor position. 0 C to +50 C. Part of the annual 22-unit winterization pull. Observe before Oct 15.
Lawn TC5 2,Lawn,TC5,2,011,Videri Spark,Spark 5,Landscape,Videri cloud,Menu board,Not checked,Unknown,Unknown,🟡 Paper only,"Videri sheet,Total TV List",📄 Paper only,,Indoor-rated hardware in an outdoor position. 0 C to +50 C. Part of the annual 22-unit winterization pull. Observe before Oct 15.
Lawn TC6 1,Lawn,TC6,1,012,Videri Spark,Spark 5,Landscape,Videri cloud,Menu board,Not checked,Unknown,Unknown,🟡 Paper only,"Videri sheet,Total TV List",📄 Paper only,,Indoor-rated hardware in an outdoor position. 0 C to +50 C. Part of the annual 22-unit winterization pull. Observe before Oct 15.
Lawn TC6 2,Lawn,TC6,2,013,Videri Spark,Spark 5,Landscape,Videri cloud,Menu board,Not checked,Unknown,Unknown,🟡 Paper only,"Videri sheet,Total TV List",📄 Paper only,,Indoor-rated hardware in an outdoor position. 0 C to +50 C. Part of the annual 22-unit winterization pull. Observe before Oct 15.
Lawn TC7 1,Lawn,TC7,1,014,Videri Spark,Spark 5,Landscape,Videri cloud,Menu board,Not checked,Unknown,Unknown,🟡 Paper only,"Videri sheet,Total TV List",📄 Paper only,,Indoor-rated hardware in an outdoor position. 0 C to +50 C. Part of the annual 22-unit winterization pull. Observe before Oct 15.
Lawn TC7 2,Lawn,TC7,2,015,Videri Spark,Spark 5,Landscape,Videri cloud,Menu board,Not checked,Unknown,Unknown,🟡 Paper only,"Videri sheet,Total TV List",📄 Paper only,,Indoor-rated hardware in an outdoor position. 0 C to +50 C. Part of the annual 22-unit winterization pull. Observe before Oct 15.
Lawn 795 1,Lawn,795,1,016,Legacy,PHIL 48,Landscape,Unknown,Unknown,Not checked,Unknown,Unknown,🟡 Paper only,"Total TV List,Location map",📄 Paper only,,
Lawn 795 2,Lawn,795,2,017,Legacy,PHIL 48,Landscape,Unknown,Unknown,Not checked,Unknown,Unknown,🟡 Paper only,"Total TV List,Location map",📄 Paper only,,
Ben Plaza FD4 1,Ben Franklin Plaza,FD4,1,018,Samsung OH,OH46B,Portrait,Unknown,Unknown,Not checked,Unknown,Unknown,🟡 Paper only,"Samsung sheet,Total TV List",📄 Paper only,,SAM 46 VERT on the Samsung sheet.
Ben Plaza FD4 2,Ben Franklin Plaza,FD4,2,019,Samsung OH,OH46B,Portrait,Unknown,Unknown,Not checked,Unknown,Unknown,🟡 Paper only,"Samsung sheet,Total TV List",📄 Paper only,,SAM 46 VERT on the Samsung sheet.
Ben Plaza UD2 1,Ben Franklin Plaza,UD2,1,020,Samsung OH,OH46B,Portrait,Unknown,Unknown,Not checked,Unknown,Unknown,🟡 Paper only,"Samsung sheet,Total TV List",📄 Paper only,,SAM 46 VERT on the Samsung sheet.
Ben Plaza UD2 2,Ben Franklin Plaza,UD2,2,021,Samsung OH,OH46B,Portrait,Unknown,Unknown,Not checked,Unknown,Unknown,🟡 Paper only,"Samsung sheet,Total TV List",📄 Paper only,,SAM 46 VERT on the Samsung sheet.
Ben Plaza TC8 1,Ben Franklin Plaza,TC8,1,022,Samsung OH,OH46B,Portrait,Unknown,Unknown,Not checked,Unknown,Unknown,🟡 Paper only,"Samsung sheet,Total TV List",📄 Paper only,,SAM 46 VERT on the Samsung sheet.
Ben Plaza TC8 2,Ben Franklin Plaza,TC8,2,023,Samsung OH,OH46B,Portrait,Unknown,Unknown,Not checked,Unknown,Unknown,🟡 Paper only,"Samsung sheet,Total TV List",📄 Paper only,,SAM 46 VERT on the Samsung sheet.
Ben Plaza BEN CON 1,Ben Franklin Plaza,BEN CON,1,025,Samsung OH,OH55A-S,Landscape,Unknown,Unknown,Not checked,Unknown,Unknown,🟡 Paper only,"Samsung sheet,Total TV List",📄 Paper only,ID gap,ID 024 unallocated immediately before this run.
Ben Plaza BEN CON 2,Ben Franklin Plaza,BEN CON,2,026,Samsung OH,OH55A-S,Landscape,Unknown,Unknown,Not checked,Unknown,Unknown,🟡 Paper only,"Samsung sheet,Total TV List",📄 Paper only,ID gap,ID 024 unallocated immediately before this run.
Ben Plaza BEN CON 3,Ben Franklin Plaza,BEN CON,3,027,Samsung OH,OH55A-S,Landscape,Unknown,Unknown,Not checked,Unknown,Unknown,🟡 Paper only,"Samsung sheet,Total TV List",📄 Paper only,ID gap,ID 024 unallocated immediately before this run.
Ben Plaza BEN CON 4,Ben Franklin Plaza,BEN CON,4,028,Samsung OH,OH55A-S,Landscape,Unknown,Unknown,Not checked,Unknown,Unknown,🟡 Paper only,"Samsung sheet,Total TV List",📄 Paper only,ID gap,ID 024 unallocated immediately before this run.
Ben Plaza BEN CON 5,Ben Franklin Plaza,BEN CON,5,029,Samsung OH,OH55A-S,Landscape,Unknown,Unknown,Not checked,Unknown,Unknown,🟡 Paper only,"Samsung sheet,Total TV List",📄 Paper only,ID gap,ID 024 unallocated immediately before this run.
Ben Plaza BEN CON 6,Ben Franklin Plaza,BEN CON,6,030,Samsung OH,OH55A-S,Landscape,Unknown,Unknown,Not checked,Unknown,Unknown,🟡 Paper only,"Samsung sheet,Total TV List",📄 Paper only,ID gap,ID 024 unallocated immediately before this run.
Ben Plaza BEN CON 7,Ben Franklin Plaza,BEN CON,7,031,Samsung OH,OH55A-S,Landscape,Unknown,Unknown,Not checked,Unknown,Unknown,🟡 Paper only,"Samsung sheet,Total TV List",📄 Paper only,ID gap,ID 024 unallocated immediately before this run.
Ben Plaza BEN CON 8,Ben Franklin Plaza,BEN CON,8,032,Samsung OH,OH55A-S,Landscape,Unknown,Unknown,Not checked,Unknown,Unknown,🟡 Paper only,"Samsung sheet,Total TV List",📄 Paper only,ID gap,ID 024 unallocated immediately before this run.
Ben Plaza BEN CON 9,Ben Franklin Plaza,BEN CON,9,033,Samsung OH,OH55A-S,Landscape,Unknown,Unknown,Not checked,Unknown,Unknown,🟡 Paper only,"Samsung sheet,Total TV List",📄 Paper only,ID gap,ID 024 unallocated immediately before this run.
Ben Plaza BEN CON 10,Ben Franklin Plaza,BEN CON,10,034,Samsung OH,OH55A-S,Landscape,Unknown,Unknown,Not checked,Unknown,Unknown,🟡 Paper only,"Samsung sheet,Total TV List",📄 Paper only,ID gap,ID 024 unallocated immediately before this run.
Ben Plaza NBB 1,Ben Franklin Plaza,NBB,1,035,Samsung OH,OH46B,Landscape,Unknown,Unknown,Not checked,Unknown,Unknown,🟡 Paper only,"Samsung sheet,Total TV List",📄 Paper only,,
Ben Plaza NBB 2,Ben Franklin Plaza,NBB,2,036,Samsung OH,OH46B,Landscape,Unknown,Unknown,Not checked,Unknown,Unknown,🟡 Paper only,"Samsung sheet,Total TV List",📄 Paper only,,
Ben Plaza NBB 3,Ben Franklin Plaza,NBB,3,037,Samsung OH,OH46B,Landscape,Unknown,Unknown,Not checked,Unknown,Unknown,🟡 Paper only,"Samsung sheet,Total TV List",📄 Paper only,,
Ben Plaza NBB 4,Ben Franklin Plaza,NBB,4,038,Samsung OH,OH46B,Landscape,Unknown,Unknown,Not checked,Unknown,Unknown,🟡 Paper only,"Samsung sheet,Total TV List",📄 Paper only,,
Ben Plaza NBB 5,Ben Franklin Plaza,NBB,5,039,Samsung OH,OH46B,Landscape,Unknown,Unknown,Not checked,Unknown,Unknown,🟡 Paper only,"Samsung sheet,Total TV List",📄 Paper only,,
Ben Plaza NBB 6,Ben Franklin Plaza,NBB,6,040,Samsung OH,OH46B,Landscape,Unknown,Unknown,Not checked,Unknown,Unknown,🟡 Paper only,"Samsung sheet,Total TV List",📄 Paper only,,
Ben Plaza NBB 7,Ben Franklin Plaza,NBB,7,041,Samsung OH,OH46B,Landscape,Unknown,Unknown,Not checked,Unknown,Unknown,🟡 Paper only,"Samsung sheet,Total TV List",📄 Paper only,,
Ben Plaza NBB 8,Ben Franklin Plaza,NBB,8,042,Samsung OH,OH46B,Landscape,Unknown,Unknown,Not checked,Unknown,Unknown,🟡 Paper only,"Samsung sheet,Total TV List",📄 Paper only,,
Ben Plaza PJ2 1,Ben Franklin Plaza,PJ2,1,047,Videri Spark,Spark 5,Landscape,Videri cloud,Menu board,Not checked,Unknown,Unknown,🟡 Paper only,"Videri sheet,Total TV List",📄 Paper only,ID gap,"Source row duplicated in the Total TV List. Counted once. IDs 043-046 sit unallocated immediately before this run; the Videri sheet independently caps Ben Plaza Videri at 8, which rules out a second bank. Indoor-rated hardware in an outdoor position."
Ben Plaza PJ2 2,Ben Franklin Plaza,PJ2,2,048,Videri Spark,Spark 5,Landscape,Videri cloud,Menu board,Not checked,Unknown,Unknown,🟡 Paper only,"Videri sheet,Total TV List",📄 Paper only,ID gap,"Source row duplicated in the Total TV List. Counted once. IDs 043-046 sit unallocated immediately before this run; the Videri sheet independently caps Ben Plaza Videri at 8, which rules out a second bank. Indoor-rated hardware in an outdoor position."
Ben Plaza PJ2 3,Ben Franklin Plaza,PJ2,3,049,Videri Spark,Spark 5,Landscape,Videri cloud,Menu board,Not checked,Unknown,Unknown,🟡 Paper only,"Videri sheet,Total TV List",📄 Paper only,ID gap,"Source row duplicated in the Total TV List. Counted once. IDs 043-046 sit unallocated immediately before this run; the Videri sheet independently caps Ben Plaza Videri at 8, which rules out a second bank. Indoor-rated hardware in an outdoor position."
Ben Plaza PJ2 4,Ben Franklin Plaza,PJ2,4,050,Videri Spark,Spark 5,Landscape,Videri cloud,Menu board,Not checked,Unknown,Unknown,🟡 Paper only,"Videri sheet,Total TV List",📄 Paper only,ID gap,"Source row duplicated in the Total TV List. Counted once. IDs 043-046 sit unallocated immediately before this run; the Videri sheet independently caps Ben Plaza Videri at 8, which rules out a second bank. Indoor-rated hardware in an outdoor position."
Ben Plaza BEER ALLEY 1,Ben Franklin Plaza,BEER ALLEY,1,055,Videri Spark,Spark 5,Landscape,Videri cloud,Menu board,Not checked,Unknown,Unknown,🟡 Paper only,"Videri sheet,Total TV List",📄 Paper only,ID gap,Source row duplicated in the Total TV List. Counted once. IDs 051-054 sit unallocated immediately before this run. Indoor-rated hardware in an outdoor position.
Ben Plaza BEER ALLEY 2,Ben Franklin Plaza,BEER ALLEY,2,056,Videri Spark,Spark 5,Landscape,Videri cloud,Menu board,Not checked,Unknown,Unknown,🟡 Paper only,"Videri sheet,Total TV List",📄 Paper only,ID gap,Source row duplicated in the Total TV List. Counted once. IDs 051-054 sit unallocated immediately before this run. Indoor-rated hardware in an outdoor position.
Ben Plaza BEER ALLEY 3,Ben Franklin Plaza,BEER ALLEY,3,057,Videri Spark,Spark 5,Landscape,Videri cloud,Menu board,Not checked,Unknown,Unknown,🟡 Paper only,"Videri sheet,Total TV List",📄 Paper only,ID gap,Source row duplicated in the Total TV List. Counted once. IDs 051-054 sit unallocated immediately before this run. Indoor-rated hardware in an outdoor position.
Ben Plaza BEER ALLEY 4,Ben Franklin Plaza,BEER ALLEY,4,058,Videri Spark,Spark 5,Landscape,Videri cloud,Menu board,Not checked,Unknown,Unknown,🟡 Paper only,"Videri sheet,Total TV List",📄 Paper only,ID gap,Source row duplicated in the Total TV List. Counted once. IDs 051-054 sit unallocated immediately before this run. Indoor-rated hardware in an outdoor position.
Ben Plaza 794 1,Ben Franklin Plaza,794,1,,Legacy,PHIL 48,Landscape,Unknown,Unknown,Not checked,Unknown,Unknown,🟡 Paper only,Total TV List,📄 Paper only,,"Zone assigned by legacy allocation, not stated per key. Ben Plaza legacy target is 2 and 794 is in the Ben map cluster."
Ben Plaza 794 2,Ben Franklin Plaza,794,2,,Legacy,PHIL 48,Landscape,Unknown,Unknown,Not checked,Unknown,Unknown,🟡 Paper only,Total TV List,📄 Paper only,,"Zone assigned by legacy allocation, not stated per key. Ben Plaza legacy target is 2 and 794 is in the Ben map cluster."
Walt Plaza WALT CON 1,Walt Whitman Plaza,WALT CON,1,107,Samsung OH,OH55A-S,Landscape,Unknown,Unknown,Not checked,Unknown,Unknown,🟡 Paper only,"Samsung sheet,Total TV List",📄 Paper only,WALT CON count,"Qty stated 16, ID range 107-120 covers 14. Same error on the Samsung sheet and the Total TV List. Free IDs 129-132 sit between NBW and ZIGGY, so the true range may start lower than 107. Count on foot."
Walt Plaza WALT CON 2,Walt Whitman Plaza,WALT CON,2,108,Samsung OH,OH55A-S,Landscape,Unknown,Unknown,Not checked,Unknown,Unknown,🟡 Paper only,"Samsung sheet,Total TV List",📄 Paper only,WALT CON count,"Qty stated 16, ID range 107-120 covers 14. Same error on the Samsung sheet and the Total TV List. Free IDs 129-132 sit between NBW and ZIGGY, so the true range may start lower than 107. Count on foot."
Walt Plaza WALT CON 3,Walt Whitman Plaza,WALT CON,3,109,Samsung OH,OH55A-S,Landscape,Unknown,Unknown,Not checked,Unknown,Unknown,🟡 Paper only,"Samsung sheet,Total TV List",📄 Paper only,WALT CON count,"Qty stated 16, ID range 107-120 covers 14. Same error on the Samsung sheet and the Total TV List. Free IDs 129-132 sit between NBW and ZIGGY, so the true range may start lower than 107. Count on foot."
Walt Plaza WALT CON 4,Walt Whitman Plaza,WALT CON,4,110,Samsung OH,OH55A-S,Landscape,Unknown,Unknown,Not checked,Unknown,Unknown,🟡 Paper only,"Samsung sheet,Total TV List",📄 Paper only,WALT CON count,"Qty stated 16, ID range 107-120 covers 14. Same error on the Samsung sheet and the Total TV List. Free IDs 129-132 sit between NBW and ZIGGY, so the true range may start lower than 107. Count on foot."
Walt Plaza WALT CON 5,Walt Whitman Plaza,WALT CON,5,111,Samsung OH,OH55A-S,Landscape,Unknown,Unknown,Not checked,Unknown,Unknown,🟡 Paper only,"Samsung sheet,Total TV List",📄 Paper only,WALT CON count,"Qty stated 16, ID range 107-120 covers 14. Same error on the Samsung sheet and the Total TV List. Free IDs 129-132 sit between NBW and ZIGGY, so the true range may start lower than 107. Count on foot."
Walt Plaza WALT CON 6,Walt Whitman Plaza,WALT CON,6,112,Samsung OH,OH55A-S,Landscape,Unknown,Unknown,Not checked,Unknown,Unknown,🟡 Paper only,"Samsung sheet,Total TV List",📄 Paper only,WALT CON count,"Qty stated 16, ID range 107-120 covers 14. Same error on the Samsung sheet and the Total TV List. Free IDs 129-132 sit between NBW and ZIGGY, so the true range may start lower than 107. Count on foot."
Walt Plaza WALT CON 7,Walt Whitman Plaza,WALT CON,7,113,Samsung OH,OH55A-S,Landscape,Unknown,Unknown,Not checked,Unknown,Unknown,🟡 Paper only,"Samsung sheet,Total TV List",📄 Paper only,WALT CON count,"Qty stated 16, ID range 107-120 covers 14. Same error on the Samsung sheet and the Total TV List. Free IDs 129-132 sit between NBW and ZIGGY, so the true range may start lower than 107. Count on foot."
Walt Plaza WALT CON 8,Walt Whitman Plaza,WALT CON,8,114,Samsung OH,OH55A-S,Landscape,Unknown,Unknown,Not checked,Unknown,Unknown,🟡 Paper only,"Samsung sheet,Total TV List",📄 Paper only,WALT CON count,"Qty stated 16, ID range 107-120 covers 14. Same error on the Samsung sheet and the Total TV List. Free IDs 129-132 sit between NBW and ZIGGY, so the true range may start lower than 107. Count on foot."
Walt Plaza WALT CON 9,Walt Whitman Plaza,WALT CON,9,115,Samsung OH,OH55A-S,Landscape,Unknown,Unknown,Not checked,Unknown,Unknown,🟡 Paper only,"Samsung sheet,Total TV List",📄 Paper only,WALT CON count,"Qty stated 16, ID range 107-120 covers 14. Same error on the Samsung sheet and the Total TV List. Free IDs 129-132 sit between NBW and ZIGGY, so the true range may start lower than 107. Count on foot."
Walt Plaza WALT CON 10,Walt Whitman Plaza,WALT CON,10,116,Samsung OH,OH55A-S,Landscape,Unknown,Unknown,Not checked,Unknown,Unknown,🟡 Paper only,"Samsung sheet,Total TV List",📄 Paper only,WALT CON count,"Qty stated 16, ID range 107-120 covers 14. Same error on the Samsung sheet and the Total TV List. Free IDs 129-132 sit between NBW and ZIGGY, so the true range may start lower than 107. Count on foot."
Walt Plaza WALT CON 11,Walt Whitman Plaza,WALT CON,11,117,Samsung OH,OH55A-S,Landscape,Unknown,Unknown,Not checked,Unknown,Unknown,🟡 Paper only,"Samsung sheet,Total TV List",📄 Paper only,WALT CON count,"Qty stated 16, ID range 107-120 covers 14. Same error on the Samsung sheet and the Total TV List. Free IDs 129-132 sit between NBW and ZIGGY, so the true range may start lower than 107. Count on foot."
Walt Plaza WALT CON 12,Walt Whitman Plaza,WALT CON,12,118,Samsung OH,OH55A-S,Landscape,Unknown,Unknown,Not checked,Unknown,Unknown,🟡 Paper only,"Samsung sheet,Total TV List",📄 Paper only,WALT CON count,"Qty stated 16, ID range 107-120 covers 14. Same error on the Samsung sheet and the Total TV List. Free IDs 129-132 sit between NBW and ZIGGY, so the true range may start lower than 107. Count on foot."
Walt Plaza WALT CON 13,Walt Whitman Plaza,WALT CON,13,119,Samsung OH,OH55A-S,Landscape,Unknown,Unknown,Not checked,Unknown,Unknown,🟡 Paper only,"Samsung sheet,Total TV List",📄 Paper only,WALT CON count,"Qty stated 16, ID range 107-120 covers 14. Same error on the Samsung sheet and the Total TV List. Free IDs 129-132 sit between NBW and ZIGGY, so the true range may start lower than 107. Count on foot."
Walt Plaza WALT CON 14,Walt Whitman Plaza,WALT CON,14,120,Samsung OH,OH55A-S,Landscape,Unknown,Unknown,Not checked,Unknown,Unknown,🟡 Paper only,"Samsung sheet,Total TV List",📄 Paper only,WALT CON count,"Qty stated 16, ID range 107-120 covers 14. Same error on the Samsung sheet and the Total TV List. Free IDs 129-132 sit between NBW and ZIGGY, so the true range may start lower than 107. Count on foot."
Walt Plaza WALT CON 15,Walt Whitman Plaza,WALT CON,15,,Samsung OH,OH55A-S,Landscape,Unknown,Unknown,Not checked,Unknown,Unknown,🔴 Unidentified,"Samsung sheet,Total TV List",⚠️ Disputed,WALT CON count,"DISPUTED. These two rows exist only because WALT CON states qty 16 against a 14-ID range. Confirm on foot and either assign IDs or delete both rows, which drops the site total to 149."
Walt Plaza WALT CON 16,Walt Whitman Plaza,WALT CON,16,,Samsung OH,OH55A-S,Landscape,Unknown,Unknown,Not checked,Unknown,Unknown,🔴 Unidentified,"Samsung sheet,Total TV List",⚠️ Disputed,WALT CON count,"DISPUTED. These two rows exist only because WALT CON states qty 16 against a 14-ID range. Confirm on foot and either assign IDs or delete both rows, which drops the site total to 149."
Walt Plaza NBW 1,Walt Whitman Plaza,NBW,1,121,Samsung OH,OH46B,Landscape,Unknown,Unknown,Not checked,Unknown,Unknown,🟡 Paper only,"Samsung sheet,Total TV List",📄 Paper only,,
Walt Plaza NBW 2,Walt Whitman Plaza,NBW,2,122,Samsung OH,OH46B,Landscape,Unknown,Unknown,Not checked,Unknown,Unknown,🟡 Paper only,"Samsung sheet,Total TV List",📄 Paper only,,
Walt Plaza NBW 3,Walt Whitman Plaza,NBW,3,123,Samsung OH,OH46B,Landscape,Unknown,Unknown,Not checked,Unknown,Unknown,🟡 Paper only,"Samsung sheet,Total TV List",📄 Paper only,,
Walt Plaza NBW 4,Walt Whitman Plaza,NBW,4,124,Samsung OH,OH46B,Landscape,Unknown,Unknown,Not checked,Unknown,Unknown,🟡 Paper only,"Samsung sheet,Total TV List",📄 Paper only,,
Walt Plaza NBW 5,Walt Whitman Plaza,NBW,5,125,Samsung OH,OH46B,Landscape,Unknown,Unknown,Not checked,Unknown,Unknown,🟡 Paper only,"Samsung sheet,Total TV List",📄 Paper only,,
Walt Plaza NBW 6,Walt Whitman Plaza,NBW,6,126,Samsung OH,OH46B,Landscape,Unknown,Unknown,Not checked,Unknown,Unknown,🟡 Paper only,"Samsung sheet,Total TV List",📄 Paper only,,
Walt Plaza NBW 7,Walt Whitman Plaza,NBW,7,127,Samsung OH,OH46B,Landscape,Unknown,Unknown,Not checked,Unknown,Unknown,🟡 Paper only,"Samsung sheet,Total TV List",📄 Paper only,,
Walt Plaza NBW 8,Walt Whitman Plaza,NBW,8,128,Samsung OH,OH46B,Landscape,Unknown,Unknown,Not checked,Unknown,Unknown,🟡 Paper only,"Samsung sheet,Total TV List",📄 Paper only,,
Walt Plaza ZIGGY 1,Walt Whitman Plaza,ZIGGY,1,133,Samsung OH,OH46B,Portrait,Unknown,Unknown,Not checked,Unknown,Unknown,🟡 Paper only,"Samsung sheet,Total TV List",📄 Paper only,,Normalizes to Ziggy's Magic Pizza Shop. Photo-confirmed 2026-08-30: branded shipping-container pizza outlet with menu screens in the serving window. SAM 46 VERT on the Samsung sheet.
Walt Plaza ZIGGY 2,Walt Whitman Plaza,ZIGGY,2,134,Samsung OH,OH46B,Portrait,Unknown,Unknown,Not checked,Unknown,Unknown,🟡 Paper only,"Samsung sheet,Total TV List",📄 Paper only,,Normalizes to Ziggy's Magic Pizza Shop. Photo-confirmed 2026-08-30: branded shipping-container pizza outlet with menu screens in the serving window. SAM 46 VERT on the Samsung sheet.
Walt Plaza RR1 1,Walt Whitman Plaza,RR1,1,135,Samsung OH,OH46B,Portrait,Unknown,Unknown,Not checked,Unknown,Unknown,🟡 Paper only,"Samsung sheet,Total TV List",📄 Paper only,,SAM 46 VERT on the Samsung sheet.
Walt Plaza RR1 2,Walt Whitman Plaza,RR1,2,136,Samsung OH,OH46B,Portrait,Unknown,Unknown,Not checked,Unknown,Unknown,🟡 Paper only,"Samsung sheet,Total TV List",📄 Paper only,,SAM 46 VERT on the Samsung sheet.
Walt Plaza 783 1,Walt Whitman Plaza,783,1,137,Samsung OH,OH46B,Portrait,Unknown,Unknown,Not checked,Unknown,Unknown,🟡 Paper only,"Samsung sheet,Total TV List",📄 Paper only,,SAM 46 VERT on the Samsung sheet.
Walt Plaza 783 2,Walt Whitman Plaza,783,2,138,Samsung OH,OH46B,Portrait,Unknown,Unknown,Not checked,Unknown,Unknown,🟡 Paper only,"Samsung sheet,Total TV List",📄 Paper only,,SAM 46 VERT on the Samsung sheet.
Walt Plaza EA BAR LOUNGE 1,Walt Whitman Plaza,EA BAR LOUNGE,1,,Legacy,PHIL 48,Landscape,ConcertVision DMP,"Program-capable,Ads",Not checked,Unknown,Unknown,🟡 Paper only,Total TV List,📄 Paper only,,ConcertVision position. Endpoint of the house program path: switcher to AMX encoder to DMP to display. Zone assigned by legacy allocation.
Walt Plaza EA BAR LOUNGE 2,Walt Whitman Plaza,EA BAR LOUNGE,2,,Legacy,PHIL 48,Landscape,ConcertVision DMP,"Program-capable,Ads",Not checked,Unknown,Unknown,🟡 Paper only,Total TV List,📄 Paper only,,ConcertVision position. Endpoint of the house program path: switcher to AMX encoder to DMP to display. Zone assigned by legacy allocation.
Walt Plaza 784 1,Walt Whitman Plaza,784,1,,Legacy,PHIL 48,Landscape,Unknown,Unknown,Not checked,Unknown,Unknown,🟡 Paper only,Total TV List,📄 Paper only,,Zone assigned by legacy allocation.
Walt Plaza 784 2,Walt Whitman Plaza,784,2,,Legacy,PHIL 48,Landscape,Unknown,Unknown,Not checked,Unknown,Unknown,🟡 Paper only,Total TV List,📄 Paper only,,Zone assigned by legacy allocation.
Walt Plaza FD1 1,Walt Whitman Plaza,FD1,1,,Legacy,PHIL 55,Landscape,Unknown,Unknown,Not checked,Unknown,Unknown,🟡 Paper only,Total TV List,📄 Paper only,,Zone assigned by legacy allocation. Decoded verbally as frozen drinks 1.
Walt Plaza FD1 2,Walt Whitman Plaza,FD1,2,,Legacy,PHIL 55,Landscape,Unknown,Unknown,Not checked,Unknown,Unknown,🟡 Paper only,Total TV List,📄 Paper only,,Zone assigned by legacy allocation. Decoded verbally as frozen drinks 1.
Walt Plaza WC1 1,Walt Whitman Plaza,WC1,1,,Legacy,PHIL 55,Landscape,Unknown,Unknown,Not checked,Unknown,Unknown,🟡 Paper only,Total TV List,📄 Paper only,,Zone assigned by legacy allocation. Decoded verbally as WC 1.
Walt Plaza WC1 2,Walt Whitman Plaza,WC1,2,,Legacy,PHIL 55,Landscape,Unknown,Unknown,Not checked,Unknown,Unknown,🟡 Paper only,Total TV List,📄 Paper only,,Zone assigned by legacy allocation. Decoded verbally as WC 1.
Walt Plaza WC1 3,Walt Whitman Plaza,WC1,3,,Legacy,PHIL 55,Landscape,Unknown,Unknown,Not checked,Unknown,Unknown,🟡 Paper only,Total TV List,📄 Paper only,,Zone assigned by legacy allocation. Decoded verbally as WC 1.
Walt Plaza WC1 4,Walt Whitman Plaza,WC1,4,,Legacy,PHIL 55,Landscape,Unknown,Unknown,Not checked,Unknown,Unknown,🟡 Paper only,Total TV List,📄 Paper only,,Zone assigned by legacy allocation. Decoded verbally as WC 1.
Walt Plaza UNPLACED 01,Walt Whitman Plaza,,1,,Videri Spark,,Unknown,Videri cloud,Menu board,Not checked,Unknown,Unknown,🔴 Unidentified,Videri sheet,🔴 Unplaced,,"Videri sheet states 4 Spark canvases in Walt Whitman Plaza. No location key, no device ID, no map cluster. Indoor-rated hardware in an outdoor position."
Walt Plaza UNPLACED 02,Walt Whitman Plaza,,2,,Videri Spark,,Unknown,Videri cloud,Menu board,Not checked,Unknown,Unknown,🔴 Unidentified,Videri sheet,🔴 Unplaced,,"Videri sheet states 4 Spark canvases in Walt Whitman Plaza. No location key, no device ID, no map cluster. Indoor-rated hardware in an outdoor position."
Walt Plaza UNPLACED 03,Walt Whitman Plaza,,3,,Videri Spark,,Unknown,Videri cloud,Menu board,Not checked,Unknown,Unknown,🔴 Unidentified,Videri sheet,🔴 Unplaced,,"Videri sheet states 4 Spark canvases in Walt Whitman Plaza. No location key, no device ID, no map cluster. Indoor-rated hardware in an outdoor position."
Walt Plaza UNPLACED 04,Walt Whitman Plaza,,4,,Videri Spark,,Unknown,Videri cloud,Menu board,Not checked,Unknown,Unknown,🔴 Unidentified,Videri sheet,🔴 Unplaced,,"Videri sheet states 4 Spark canvases in Walt Whitman Plaza. No location key, no device ID, no map cluster. Indoor-rated hardware in an outdoor position."
Ben Lobby CAROUSEL 1,Ben Franklin Lobby,CAROUSEL,1,,Legacy,PHIL 55,Landscape,ConcertVision DMP,"Program-capable,Ads",Not checked,Unknown,Unknown,🟡 Paper only,Total TV List,📄 Paper only,,"CAROUSEL is a suspended circular truss ring carrying displays around its circumference facing outward. Photo-confirmed 2026-08-30: four displays on one ring, media players with four blue LEDs mounted behind them. ConcertVision position, endpoint of the house program path."
Ben Lobby CAROUSEL 2,Ben Franklin Lobby,CAROUSEL,2,,Legacy,OLD SAM 55,Landscape,ConcertVision DMP,"Program-capable,Ads",Not checked,Unknown,Unknown,🟡 Paper only,Total TV List,📄 Paper only,,"CAROUSEL is a suspended circular truss ring carrying displays around its circumference facing outward. Photo-confirmed 2026-08-30: four displays on one ring, media players with four blue LEDs mounted behind them. ConcertVision position, endpoint of the house program path."
Ben Lobby CAROUSEL 3,Ben Franklin Lobby,CAROUSEL,3,,Legacy,OLD SAM 55,Landscape,ConcertVision DMP,"Program-capable,Ads",Not checked,Unknown,Unknown,🟡 Paper only,Total TV List,📄 Paper only,,"CAROUSEL is a suspended circular truss ring carrying displays around its circumference facing outward. Photo-confirmed 2026-08-30: four displays on one ring, media players with four blue LEDs mounted behind them. ConcertVision position, endpoint of the house program path."
Ben Lobby CAROUSEL 4,Ben Franklin Lobby,CAROUSEL,4,,Legacy,Untyped,Landscape,ConcertVision DMP,"Program-capable,Ads",Not checked,Unknown,Unknown,🟡 Paper only,Total TV List,📄 Paper only,Untyped,"CAROUSEL is a suspended circular truss ring carrying displays around its circumference facing outward. Photo-confirmed 2026-08-30: four displays on one ring, media players with four blue LEDs mounted behind them. ConcertVision position, endpoint of the house program path. DEFECT 4: qty states 4, the type column names only 3. This is the untyped unit. Identify on foot."
Ben Lobby MERCH 1,Ben Franklin Lobby,MERCH,1,,Legacy,OLD SAM 48,Landscape,ConcertVision DMP,"Program-capable,Ads",Not checked,Unknown,Unknown,🟡 Paper only,Total TV List,📄 Paper only,,ConcertVision position. Photographed 2026-08-30 under the MERCHANDISE sign carrying artist branding on a show night.
Ben Lobby MERCH 2,Ben Franklin Lobby,MERCH,2,,Legacy,OLD SAM 48,Landscape,ConcertVision DMP,"Program-capable,Ads",Not checked,Unknown,Unknown,🟡 Paper only,Total TV List,📄 Paper only,,ConcertVision position. Photographed 2026-08-30 under the MERCHANDISE sign carrying artist branding on a show night.
Ben Lobby KOKO'S 1,Ben Franklin Lobby,KOKO'S,1,,Legacy,OLD SAM 55,Landscape,Unknown,Unknown,Not checked,Unknown,Unknown,🟡 Paper only,Total TV List,📄 Paper only,,Zone assigned by legacy allocation and the Ben map cluster. Weakest row in the allocation. Check first.
Ben Lobby KOKO'S 2,Ben Franklin Lobby,KOKO'S,2,,Legacy,OLD SAM 55,Landscape,Unknown,Unknown,Not checked,Unknown,Unknown,🟡 Paper only,Total TV List,📄 Paper only,,Zone assigned by legacy allocation and the Ben map cluster. Weakest row in the allocation. Check first.
Walt Lobby ENTRANCE DOORS 1,Walt Whitman Lobby,ENTRANCE DOORS,1,C VISION,Samsung OH,OH55A-S,Landscape,ConcertVision DMP,"Program-capable,Ads",Not checked,Unknown,Unknown,🟡 Paper only,"Samsung sheet,Total TV List",📄 Paper only,,Carries C VISION in the Samsung sheet ID column where every other row carries a numeric range. The only direct printed link between the signage estate and the ConcertVision path. Photographed 2026-08-30: four displays in two pairs above the entrance doors carrying artist branding.
Walt Lobby ENTRANCE DOORS 2,Walt Whitman Lobby,ENTRANCE DOORS,2,C VISION,Samsung OH,OH55A-S,Landscape,ConcertVision DMP,"Program-capable,Ads",Not checked,Unknown,Unknown,🟡 Paper only,"Samsung sheet,Total TV List",📄 Paper only,,Carries C VISION in the Samsung sheet ID column where every other row carries a numeric range. The only direct printed link between the signage estate and the ConcertVision path. Photographed 2026-08-30: four displays in two pairs above the entrance doors carrying artist branding.
Walt Lobby ENTRANCE DOORS 3,Walt Whitman Lobby,ENTRANCE DOORS,3,C VISION,Samsung OH,OH55A-S,Landscape,ConcertVision DMP,"Program-capable,Ads",Not checked,Unknown,Unknown,🟡 Paper only,"Samsung sheet,Total TV List",📄 Paper only,,Carries C VISION in the Samsung sheet ID column where every other row carries a numeric range. The only direct printed link between the signage estate and the ConcertVision path. Photographed 2026-08-30: four displays in two pairs above the entrance doors carrying artist branding.
Walt Lobby ENTRANCE DOORS 4,Walt Whitman Lobby,ENTRANCE DOORS,4,C VISION,Samsung OH,OH55A-S,Landscape,ConcertVision DMP,"Program-capable,Ads",Not checked,Unknown,Unknown,🟡 Paper only,"Samsung sheet,Total TV List",📄 Paper only,,Carries C VISION in the Samsung sheet ID column where every other row carries a numeric range. The only direct printed link between the signage estate and the ConcertVision path. Photographed 2026-08-30: four displays in two pairs above the entrance doors carrying artist branding.
Walt Lobby CAROUSEL 1,Walt Whitman Lobby,CAROUSEL,1,,Legacy,PHIL 55,Landscape,ConcertVision DMP,"Program-capable,Ads",Not checked,Unknown,Unknown,🟡 Paper only,Total TV List,📄 Paper only,,"CAROUSEL is a suspended circular truss ring carrying displays around its circumference facing outward. Photo-confirmed 2026-08-30: four displays on one ring, media players with four blue LEDs mounted behind them. ConcertVision position, endpoint of the house program path."
Walt Lobby CAROUSEL 2,Walt Whitman Lobby,CAROUSEL,2,,Legacy,OLD SAM 55,Landscape,ConcertVision DMP,"Program-capable,Ads",Not checked,Unknown,Unknown,🟡 Paper only,Total TV List,📄 Paper only,,"CAROUSEL is a suspended circular truss ring carrying displays around its circumference facing outward. Photo-confirmed 2026-08-30: four displays on one ring, media players with four blue LEDs mounted behind them. ConcertVision position, endpoint of the house program path."
Walt Lobby CAROUSEL 3,Walt Whitman Lobby,CAROUSEL,3,,Legacy,OLD SAM 55,Landscape,ConcertVision DMP,"Program-capable,Ads",Not checked,Unknown,Unknown,🟡 Paper only,Total TV List,📄 Paper only,,"CAROUSEL is a suspended circular truss ring carrying displays around its circumference facing outward. Photo-confirmed 2026-08-30: four displays on one ring, media players with four blue LEDs mounted behind them. ConcertVision position, endpoint of the house program path."
Walt Lobby MERCH 1,Walt Whitman Lobby,MERCH,1,,Legacy,PHIL 48,Landscape,ConcertVision DMP,"Program-capable,Ads",Not checked,Unknown,Unknown,🟡 Paper only,Total TV List,📄 Paper only,,ConcertVision position. Endpoint of the house program path.
Walt Lobby MERCH 2,Walt Whitman Lobby,MERCH,2,,Legacy,PHIL 48,Landscape,ConcertVision DMP,"Program-capable,Ads",Not checked,Unknown,Unknown,🟡 Paper only,Total TV List,📄 Paper only,,ConcertVision position. Endpoint of the house program path.
Lobby YB1 1,🔴 Lobby unresolved,YB1,1,082,Videri Spark,,Unknown,Videri cloud,Menu board,Not checked,Unknown,Unknown,🔴 Unidentified,Videri sheet,🔴 Unplaced,"Type conflict,Lobby unresolved","DEFECT 3: Videri sheet says S5, Total TV List says S4. Videri sheet states Ben Franklin Lobby 13 and Walt Whitman Lobby 24. It does not say which units. The keyed fragments sum to 17 and therefore span both lobbies in a split that cannot be resolved by arithmetic. Held here rather than assigned. Resolve on the lobby walk."
Lobby YB1 2,🔴 Lobby unresolved,YB1,2,083,Videri Spark,,Unknown,Videri cloud,Menu board,Not checked,Unknown,Unknown,🔴 Unidentified,Videri sheet,🔴 Unplaced,"Type conflict,Lobby unresolved","DEFECT 3: Videri sheet says S5, Total TV List says S4. Videri sheet states Ben Franklin Lobby 13 and Walt Whitman Lobby 24. It does not say which units. The keyed fragments sum to 17 and therefore span both lobbies in a split that cannot be resolved by arithmetic. Held here rather than assigned. Resolve on the lobby walk."
Lobby BB1 1,🔴 Lobby unresolved,BB1,1,084,Videri Spark,,Unknown,Videri cloud,Menu board,Not checked,Unknown,Unknown,🔴 Unidentified,Videri sheet,🔴 Unplaced,"Type conflict,Lobby unresolved","DEFECT 3: Videri sheet says S4, Total TV List says S5. Videri sheet states Ben Franklin Lobby 13 and Walt Whitman Lobby 24. It does not say which units. The keyed fragments sum to 17 and therefore span both lobbies in a split that cannot be resolved by arithmetic. Held here rather than assigned. Resolve on the lobby walk."
Lobby MD1 1,🔴 Lobby unresolved,MD1,1,086,Videri Spark,,Unknown,Videri cloud,Menu board,Not checked,Unknown,Unknown,🔴 Unidentified,Videri sheet,🔴 Unplaced,"087 collision,Lobby unresolved","DEFECT 2: 087 is also assigned to MLB. Orphans 085 and 092 sit unused; MD1 reading 085-086 would resolve it cleanly. Do not correct the sheet on that basis, read the two displays. Videri sheet states Ben Franklin Lobby 13 and Walt Whitman Lobby 24. It does not say which units. The keyed fragments sum to 17 and therefore span both lobbies in a split that cannot be resolved by arithmetic. Held here rather than assigned. Resolve on the lobby walk."
Lobby MD1 2,🔴 Lobby unresolved,MD1,2,087,Videri Spark,,Unknown,Videri cloud,Menu board,Not checked,Unknown,Unknown,🔴 Unidentified,Videri sheet,🔴 Unplaced,"087 collision,Lobby unresolved","DEFECT 2: 087 is also assigned to MLB. Orphans 085 and 092 sit unused; MD1 reading 085-086 would resolve it cleanly. Do not correct the sheet on that basis, read the two displays. Videri sheet states Ben Franklin Lobby 13 and Walt Whitman Lobby 24. It does not say which units. The keyed fragments sum to 17 and therefore span both lobbies in a split that cannot be resolved by arithmetic. Held here rather than assigned. Resolve on the lobby walk."
Lobby MLB 1,🔴 Lobby unresolved,MLB,1,087,Videri Spark,,Unknown,Videri cloud,Menu board,Not checked,Unknown,Unknown,🔴 Unidentified,Videri sheet,🔴 Unplaced,"087 collision,Lobby unresolved",DEFECT 2: 087 is also assigned to MD1. Videri sheet states Ben Franklin Lobby 13 and Walt Whitman Lobby 24. It does not say which units. The keyed fragments sum to 17 and therefore span both lobbies in a split that cannot be resolved by arithmetic. Held here rather than assigned. Resolve on the lobby walk.
Lobby MLB 2,🔴 Lobby unresolved,MLB,2,088,Videri Spark,,Unknown,Videri cloud,Menu board,Not checked,Unknown,Unknown,🔴 Unidentified,Videri sheet,🔴 Unplaced,"087 collision,Lobby unresolved",DEFECT 2: 087 is also assigned to MD1. Videri sheet states Ben Franklin Lobby 13 and Walt Whitman Lobby 24. It does not say which units. The keyed fragments sum to 17 and therefore span both lobbies in a split that cannot be resolved by arithmetic. Held here rather than assigned. Resolve on the lobby walk.
Lobby MLB 3,🔴 Lobby unresolved,MLB,3,089,Videri Spark,,Unknown,Videri cloud,Menu board,Not checked,Unknown,Unknown,🔴 Unidentified,Videri sheet,🔴 Unplaced,"087 collision,Lobby unresolved",DEFECT 2: 087 is also assigned to MD1. Videri sheet states Ben Franklin Lobby 13 and Walt Whitman Lobby 24. It does not say which units. The keyed fragments sum to 17 and therefore span both lobbies in a split that cannot be resolved by arithmetic. Held here rather than assigned. Resolve on the lobby walk.
Lobby MLB 4,🔴 Lobby unresolved,MLB,4,090,Videri Spark,,Unknown,Videri cloud,Menu board,Not checked,Unknown,Unknown,🔴 Unidentified,Videri sheet,🔴 Unplaced,"087 collision,Lobby unresolved",DEFECT 2: 087 is also assigned to MD1. Videri sheet states Ben Franklin Lobby 13 and Walt Whitman Lobby 24. It does not say which units. The keyed fragments sum to 17 and therefore span both lobbies in a split that cannot be resolved by arithmetic. Held here rather than assigned. Resolve on the lobby walk.
Lobby MIC 1,🔴 Lobby unresolved,MIC,1,091,Videri Spark,,Unknown,Videri cloud,Menu board,Not checked,Unknown,Unknown,🔴 Unidentified,Videri sheet,🔴 Unplaced,"ID gap,Lobby unresolved","DEFECT 5: skips 092. Probably intentional, lowest priority. Videri sheet states Ben Franklin Lobby 13 and Walt Whitman Lobby 24. It does not say which units. The keyed fragments sum to 17 and therefore span both lobbies in a split that cannot be resolved by arithmetic. Held here rather than assigned. Resolve on the lobby walk."
Lobby MIC 2,🔴 Lobby unresolved,MIC,2,093,Videri Spark,,Unknown,Videri cloud,Menu board,Not checked,Unknown,Unknown,🔴 Unidentified,Videri sheet,🔴 Unplaced,"ID gap,Lobby unresolved","DEFECT 5: skips 092. Probably intentional, lowest priority. Videri sheet states Ben Franklin Lobby 13 and Walt Whitman Lobby 24. It does not say which units. The keyed fragments sum to 17 and therefore span both lobbies in a split that cannot be resolved by arithmetic. Held here rather than assigned. Resolve on the lobby walk."
Lobby MIC 3,🔴 Lobby unresolved,MIC,3,094,Videri Spark,,Unknown,Videri cloud,Menu board,Not checked,Unknown,Unknown,🔴 Unidentified,Videri sheet,🔴 Unplaced,"ID gap,Lobby unresolved","DEFECT 5: skips 092. Probably intentional, lowest priority. Videri sheet states Ben Franklin Lobby 13 and Walt Whitman Lobby 24. It does not say which units. The keyed fragments sum to 17 and therefore span both lobbies in a split that cannot be resolved by arithmetic. Held here rather than assigned. Resolve on the lobby walk."
Lobby 782 1,🔴 Lobby unresolved,782,1,095,Videri Spark,,Unknown,Videri cloud,Menu board,Not checked,Unknown,Unknown,🔴 Unidentified,Videri sheet,🔴 Unplaced,"Type conflict,Lobby unresolved","DEFECT 3: Videri sheet says S5, Total TV List says S4. Videri sheet states Ben Franklin Lobby 13 and Walt Whitman Lobby 24. It does not say which units. The keyed fragments sum to 17 and therefore span both lobbies in a split that cannot be resolved by arithmetic. Held here rather than assigned. Resolve on the lobby walk."
Lobby 782 2,🔴 Lobby unresolved,782,2,096,Videri Spark,,Unknown,Videri cloud,Menu board,Not checked,Unknown,Unknown,🔴 Unidentified,Videri sheet,🔴 Unplaced,"Type conflict,Lobby unresolved","DEFECT 3: Videri sheet says S5, Total TV List says S4. Videri sheet states Ben Franklin Lobby 13 and Walt Whitman Lobby 24. It does not say which units. The keyed fragments sum to 17 and therefore span both lobbies in a split that cannot be resolved by arithmetic. Held here rather than assigned. Resolve on the lobby walk."
Lobby 782 3,🔴 Lobby unresolved,782,3,097,Videri Spark,,Unknown,Videri cloud,Menu board,Not checked,Unknown,Unknown,🔴 Unidentified,Videri sheet,🔴 Unplaced,"Type conflict,Lobby unresolved","DEFECT 3: Videri sheet says S5, Total TV List says S4. Videri sheet states Ben Franklin Lobby 13 and Walt Whitman Lobby 24. It does not say which units. The keyed fragments sum to 17 and therefore span both lobbies in a split that cannot be resolved by arithmetic. Held here rather than assigned. Resolve on the lobby walk."
Lobby 782 4,🔴 Lobby unresolved,782,4,098,Videri Spark,,Unknown,Videri cloud,Menu board,Not checked,Unknown,Unknown,🔴 Unidentified,Videri sheet,🔴 Unplaced,"Type conflict,Lobby unresolved","DEFECT 3: Videri sheet says S5, Total TV List says S4. Videri sheet states Ben Franklin Lobby 13 and Walt Whitman Lobby 24. It does not say which units. The keyed fragments sum to 17 and therefore span both lobbies in a split that cannot be resolved by arithmetic. Held here rather than assigned. Resolve on the lobby walk."
Lobby 782 5,🔴 Lobby unresolved,782,5,099,Videri Spark,,Unknown,Videri cloud,Menu board,Not checked,Unknown,Unknown,🔴 Unidentified,Videri sheet,🔴 Unplaced,"Type conflict,Lobby unresolved","DEFECT 3: Videri sheet says S5, Total TV List says S4. Videri sheet states Ben Franklin Lobby 13 and Walt Whitman Lobby 24. It does not say which units. The keyed fragments sum to 17 and therefore span both lobbies in a split that cannot be resolved by arithmetic. Held here rather than assigned. Resolve on the lobby walk."
Lobby UNPLACED 01,🔴 Lobby unresolved,,1,,Videri Spark,,Unknown,Videri cloud,Menu board,Not checked,Unknown,Unknown,🔴 Unidentified,Videri sheet,🔴 Unplaced,Lobby unresolved,"No location key, no device ID, no map cluster. Keys 781 and SC1 appear in the lobby map cluster with no quantity and are presumably among these. Videri sheet states Ben Franklin Lobby 13 and Walt Whitman Lobby 24. It does not say which units. The keyed fragments sum to 17 and therefore span both lobbies in a split that cannot be resolved by arithmetic. Held here rather than assigned. Resolve on the lobby walk."
Lobby UNPLACED 02,🔴 Lobby unresolved,,2,,Videri Spark,,Unknown,Videri cloud,Menu board,Not checked,Unknown,Unknown,🔴 Unidentified,Videri sheet,🔴 Unplaced,Lobby unresolved,"No location key, no device ID, no map cluster. Keys 781 and SC1 appear in the lobby map cluster with no quantity and are presumably among these. Videri sheet states Ben Franklin Lobby 13 and Walt Whitman Lobby 24. It does not say which units. The keyed fragments sum to 17 and therefore span both lobbies in a split that cannot be resolved by arithmetic. Held here rather than assigned. Resolve on the lobby walk."
Lobby UNPLACED 03,🔴 Lobby unresolved,,3,,Videri Spark,,Unknown,Videri cloud,Menu board,Not checked,Unknown,Unknown,🔴 Unidentified,Videri sheet,🔴 Unplaced,Lobby unresolved,"No location key, no device ID, no map cluster. Keys 781 and SC1 appear in the lobby map cluster with no quantity and are presumably among these. Videri sheet states Ben Franklin Lobby 13 and Walt Whitman Lobby 24. It does not say which units. The keyed fragments sum to 17 and therefore span both lobbies in a split that cannot be resolved by arithmetic. Held here rather than assigned. Resolve on the lobby walk."
Lobby UNPLACED 04,🔴 Lobby unresolved,,4,,Videri Spark,,Unknown,Videri cloud,Menu board,Not checked,Unknown,Unknown,🔴 Unidentified,Videri sheet,🔴 Unplaced,Lobby unresolved,"No location key, no device ID, no map cluster. Keys 781 and SC1 appear in the lobby map cluster with no quantity and are presumably among these. Videri sheet states Ben Franklin Lobby 13 and Walt Whitman Lobby 24. It does not say which units. The keyed fragments sum to 17 and therefore span both lobbies in a split that cannot be resolved by arithmetic. Held here rather than assigned. Resolve on the lobby walk."
Lobby UNPLACED 05,🔴 Lobby unresolved,,5,,Videri Spark,,Unknown,Videri cloud,Menu board,Not checked,Unknown,Unknown,🔴 Unidentified,Videri sheet,🔴 Unplaced,Lobby unresolved,"No location key, no device ID, no map cluster. Keys 781 and SC1 appear in the lobby map cluster with no quantity and are presumably among these. Videri sheet states Ben Franklin Lobby 13 and Walt Whitman Lobby 24. It does not say which units. The keyed fragments sum to 17 and therefore span both lobbies in a split that cannot be resolved by arithmetic. Held here rather than assigned. Resolve on the lobby walk."
Lobby UNPLACED 06,🔴 Lobby unresolved,,6,,Videri Spark,,Unknown,Videri cloud,Menu board,Not checked,Unknown,Unknown,🔴 Unidentified,Videri sheet,🔴 Unplaced,Lobby unresolved,"No location key, no device ID, no map cluster. Keys 781 and SC1 appear in the lobby map cluster with no quantity and are presumably among these. Videri sheet states Ben Franklin Lobby 13 and Walt Whitman Lobby 24. It does not say which units. The keyed fragments sum to 17 and therefore span both lobbies in a split that cannot be resolved by arithmetic. Held here rather than assigned. Resolve on the lobby walk."
Lobby UNPLACED 07,🔴 Lobby unresolved,,7,,Videri Spark,,Unknown,Videri cloud,Menu board,Not checked,Unknown,Unknown,🔴 Unidentified,Videri sheet,🔴 Unplaced,Lobby unresolved,"No location key, no device ID, no map cluster. Keys 781 and SC1 appear in the lobby map cluster with no quantity and are presumably among these. Videri sheet states Ben Franklin Lobby 13 and Walt Whitman Lobby 24. It does not say which units. The keyed fragments sum to 17 and therefore span both lobbies in a split that cannot be resolved by arithmetic. Held here rather than assigned. Resolve on the lobby walk."
Lobby UNPLACED 08,🔴 Lobby unresolved,,8,,Videri Spark,,Unknown,Videri cloud,Menu board,Not checked,Unknown,Unknown,🔴 Unidentified,Videri sheet,🔴 Unplaced,Lobby unresolved,"No location key, no device ID, no map cluster. Keys 781 and SC1 appear in the lobby map cluster with no quantity and are presumably among these. Videri sheet states Ben Franklin Lobby 13 and Walt Whitman Lobby 24. It does not say which units. The keyed fragments sum to 17 and therefore span both lobbies in a split that cannot be resolved by arithmetic. Held here rather than assigned. Resolve on the lobby walk."
Lobby UNPLACED 09,🔴 Lobby unresolved,,9,,Videri Spark,,Unknown,Videri cloud,Menu board,Not checked,Unknown,Unknown,🔴 Unidentified,Videri sheet,🔴 Unplaced,Lobby unresolved,"No location key, no device ID, no map cluster. Keys 781 and SC1 appear in the lobby map cluster with no quantity and are presumably among these. Videri sheet states Ben Franklin Lobby 13 and Walt Whitman Lobby 24. It does not say which units. The keyed fragments sum to 17 and therefore span both lobbies in a split that cannot be resolved by arithmetic. Held here rather than assigned. Resolve on the lobby walk."
Lobby UNPLACED 10,🔴 Lobby unresolved,,10,,Videri Spark,,Unknown,Videri cloud,Menu board,Not checked,Unknown,Unknown,🔴 Unidentified,Videri sheet,🔴 Unplaced,Lobby unresolved,"No location key, no device ID, no map cluster. Keys 781 and SC1 appear in the lobby map cluster with no quantity and are presumably among these. Videri sheet states Ben Franklin Lobby 13 and Walt Whitman Lobby 24. It does not say which units. The keyed fragments sum to 17 and therefore span both lobbies in a split that cannot be resolved by arithmetic. Held here rather than assigned. Resolve on the lobby walk."
Lobby UNPLACED 11,🔴 Lobby unresolved,,11,,Videri Spark,,Unknown,Videri cloud,Menu board,Not checked,Unknown,Unknown,🔴 Unidentified,Videri sheet,🔴 Unplaced,Lobby unresolved,"No location key, no device ID, no map cluster. Keys 781 and SC1 appear in the lobby map cluster with no quantity and are presumably among these. Videri sheet states Ben Franklin Lobby 13 and Walt Whitman Lobby 24. It does not say which units. The keyed fragments sum to 17 and therefore span both lobbies in a split that cannot be resolved by arithmetic. Held here rather than assigned. Resolve on the lobby walk."
Lobby UNPLACED 12,🔴 Lobby unresolved,,12,,Videri Spark,,Unknown,Videri cloud,Menu board,Not checked,Unknown,Unknown,🔴 Unidentified,Videri sheet,🔴 Unplaced,Lobby unresolved,"No location key, no device ID, no map cluster. Keys 781 and SC1 appear in the lobby map cluster with no quantity and are presumably among these. Videri sheet states Ben Franklin Lobby 13 and Walt Whitman Lobby 24. It does not say which units. The keyed fragments sum to 17 and therefore span both lobbies in a split that cannot be resolved by arithmetic. Held here rather than assigned. Resolve on the lobby walk."
Lobby UNPLACED 13,🔴 Lobby unresolved,,13,,Videri Spark,,Unknown,Videri cloud,Menu board,Not checked,Unknown,Unknown,🔴 Unidentified,Videri sheet,🔴 Unplaced,Lobby unresolved,"No location key, no device ID, no map cluster. Keys 781 and SC1 appear in the lobby map cluster with no quantity and are presumably among these. Videri sheet states Ben Franklin Lobby 13 and Walt Whitman Lobby 24. It does not say which units. The keyed fragments sum to 17 and therefore span both lobbies in a split that cannot be resolved by arithmetic. Held here rather than assigned. Resolve on the lobby walk."
Lobby UNPLACED 14,🔴 Lobby unresolved,,14,,Videri Spark,,Unknown,Videri cloud,Menu board,Not checked,Unknown,Unknown,🔴 Unidentified,Videri sheet,🔴 Unplaced,Lobby unresolved,"No location key, no device ID, no map cluster. Keys 781 and SC1 appear in the lobby map cluster with no quantity and are presumably among these. Videri sheet states Ben Franklin Lobby 13 and Walt Whitman Lobby 24. It does not say which units. The keyed fragments sum to 17 and therefore span both lobbies in a split that cannot be resolved by arithmetic. Held here rather than assigned. Resolve on the lobby walk."
Lobby UNPLACED 15,🔴 Lobby unresolved,,15,,Videri Spark,,Unknown,Videri cloud,Menu board,Not checked,Unknown,Unknown,🔴 Unidentified,Videri sheet,🔴 Unplaced,Lobby unresolved,"No location key, no device ID, no map cluster. Keys 781 and SC1 appear in the lobby map cluster with no quantity and are presumably among these. Videri sheet states Ben Franklin Lobby 13 and Walt Whitman Lobby 24. It does not say which units. The keyed fragments sum to 17 and therefore span both lobbies in a split that cannot be resolved by arithmetic. Held here rather than assigned. Resolve on the lobby walk."
Lobby UNPLACED 16,🔴 Lobby unresolved,,16,,Videri Spark,,Unknown,Videri cloud,Menu board,Not checked,Unknown,Unknown,🔴 Unidentified,Videri sheet,🔴 Unplaced,Lobby unresolved,"No location key, no device ID, no map cluster. Keys 781 and SC1 appear in the lobby map cluster with no quantity and are presumably among these. Videri sheet states Ben Franklin Lobby 13 and Walt Whitman Lobby 24. It does not say which units. The keyed fragments sum to 17 and therefore span both lobbies in a split that cannot be resolved by arithmetic. Held here rather than assigned. Resolve on the lobby walk."
Lobby UNPLACED 17,🔴 Lobby unresolved,,17,,Videri Spark,,Unknown,Videri cloud,Menu board,Not checked,Unknown,Unknown,🔴 Unidentified,Videri sheet,🔴 Unplaced,Lobby unresolved,"No location key, no device ID, no map cluster. Keys 781 and SC1 appear in the lobby map cluster with no quantity and are presumably among these. Videri sheet states Ben Franklin Lobby 13 and Walt Whitman Lobby 24. It does not say which units. The keyed fragments sum to 17 and therefore span both lobbies in a split that cannot be resolved by arithmetic. Held here rather than assigned. Resolve on the lobby walk."
Lobby UNPLACED 18,🔴 Lobby unresolved,,18,,Videri Spark,,Unknown,Videri cloud,Menu board,Not checked,Unknown,Unknown,🔴 Unidentified,Videri sheet,🔴 Unplaced,Lobby unresolved,"No location key, no device ID, no map cluster. Keys 781 and SC1 appear in the lobby map cluster with no quantity and are presumably among these. Videri sheet states Ben Franklin Lobby 13 and Walt Whitman Lobby 24. It does not say which units. The keyed fragments sum to 17 and therefore span both lobbies in a split that cannot be resolved by arithmetic. Held here rather than assigned. Resolve on the lobby walk."
Lobby UNPLACED 19,🔴 Lobby unresolved,,19,,Videri Spark,,Unknown,Videri cloud,Menu board,Not checked,Unknown,Unknown,🔴 Unidentified,Videri sheet,🔴 Unplaced,Lobby unresolved,"No location key, no device ID, no map cluster. Keys 781 and SC1 appear in the lobby map cluster with no quantity and are presumably among these. Videri sheet states Ben Franklin Lobby 13 and Walt Whitman Lobby 24. It does not say which units. The keyed fragments sum to 17 and therefore span both lobbies in a split that cannot be resolved by arithmetic. Held here rather than assigned. Resolve on the lobby walk."
Lobby UNPLACED 20,🔴 Lobby unresolved,,20,,Videri Spark,,Unknown,Videri cloud,Menu board,Not checked,Unknown,Unknown,🔴 Unidentified,Videri sheet,🔴 Unplaced,Lobby unresolved,"No location key, no device ID, no map cluster. Keys 781 and SC1 appear in the lobby map cluster with no quantity and are presumably among these. Videri sheet states Ben Franklin Lobby 13 and Walt Whitman Lobby 24. It does not say which units. The keyed fragments sum to 17 and therefore span both lobbies in a split that cannot be resolved by arithmetic. Held here rather than assigned. Resolve on the lobby walk."
VIP STREET SIDE 1,VIP (generic),STREET SIDE,1,,Legacy,Untyped,Landscape,ConcertVision DMP,"Program-capable,Ads",Not checked,Unknown,Unknown,🟡 Paper only,Total TV List,📄 Paper only,Untyped,"ConcertVision position. Generic VIP inventory group. Does NOT map to Black Box VIP, Black Box VIP Patio or VIP Club. Do not assign to any of the three until someone stands in the room."
VIP STREET SIDE 2,VIP (generic),STREET SIDE,2,,Legacy,Untyped,Landscape,ConcertVision DMP,"Program-capable,Ads",Not checked,Unknown,Unknown,🟡 Paper only,Total TV List,📄 Paper only,Untyped,"ConcertVision position. Generic VIP inventory group. Does NOT map to Black Box VIP, Black Box VIP Patio or VIP Club. Do not assign to any of the three until someone stands in the room."
VIP LOBBY SIDE 1,VIP (generic),LOBBY SIDE,1,,Legacy,Untyped,Landscape,ConcertVision DMP,"Program-capable,Ads",Not checked,Unknown,Unknown,🟡 Paper only,Total TV List,📄 Paper only,Untyped,"ConcertVision position. Generic VIP inventory group. Does NOT map to Black Box VIP, Black Box VIP Patio or VIP Club. Do not assign to any of the three until someone stands in the room."
VIP LOBBY SIDE 2,VIP (generic),LOBBY SIDE,2,,Legacy,Untyped,Landscape,ConcertVision DMP,"Program-capable,Ads",Not checked,Unknown,Unknown,🟡 Paper only,Total TV List,📄 Paper only,Untyped,"ConcertVision position. Generic VIP inventory group. Does NOT map to Black Box VIP, Black Box VIP Patio or VIP Club. Do not assign to any of the three until someone stands in the room."
VIP BEHIND BAR 1,VIP (generic),BEHIND BAR,1,145,Legacy,Untyped,Landscape,Unknown,Unknown,Not checked,Unknown,Unknown,🟡 Paper only,Total TV List,📄 Paper only,Untyped,"The one VIP unit that is NOT ConcertVision. Generic VIP inventory group. Does NOT map to Black Box VIP, Black Box VIP Patio or VIP Club. Do not assign to any of the three until someone stands in the room."
